259,www.hao123.com
339,www.w3schools.com
683,www.oliveogrill.com
827,www.ria.ru
155,www.dailymail.co.uk
923,www.scoverage.org
660,www.bankofamerica.com
28,www.wordpress.com
919,www.wp.me
516,www.elsevier.com
248,www.aliyun.com
873,www.herokuapp.com
741,www.foursquare.com
481,www.meetup.com
269,www.techcrunch.com
476,www.patreon.com
70,www.w3.org
707,www.idntimes.com
876,www.g.page
953,www.automattic.com
182,www.fandom.com
173,www.bitly.com
235,www.aaplimg.com
805,www.afternic.com
760,www.reverso.net
91,www.archive.org
316,www.theverge.com
500,www.gotowebinar.com
247,www.zillow.com
35,www.github.com
